Index,Rented Bike Count
0,1941.3001622081124
1,1255.6160982775082
2,2587.657323766382
3,1322.895622071819
4,297.26651096171196
5,714.399532136548
6,0.0
7,765.6888975794554
8,1219.0975305774732
9,164.4398127519363
10,264.41301447883825
11,210.9953067982634
12,1912.444384186897
13,114.12030629036678
14,128.60306379356973
15,202.46700455421558
16,793.1917597358304
17,1023.4450495654039
18,2457.560607597366
19,102.75852690126317
20,0.0
21,926.9225606428399
22,166.67799865150073
23,410.1542309230254
24,214.04777048866697
25,890.4553583427023
26,123.19888769504655
27,951.6620261592377
28,236.7913399400935
29,67.2614063457462
30,264.4900900003141
31,54.58400861254279
32,76.62285811088339
33,448.99329039027623
34,414.8359101196746
35,1278.0389723041972
36,1711.513206837164
37,105.30434172725734
38,1565.785403979444
39,1429.2704539116153
40,94.55792089525028
41,239.2956705246587
42,651.3425397254174
43,165.60101311571123
44,503.53059913162394
45,905.3823405220465
46,300.2508345376944
47,732.2093885939121
48,1446.7201065369109
49,321.12223769317126
50,1777.6303761814545
51,328.3626624999836
52,186.05910989673566
53,483.4006183816152
54,211.0470754862797
55,220.58495257637503
56,869.014222298014
57,735.9823185530661
58,168.40682857838317
59,216.95746054673418
60,1522.6559712037772
61,819.8267602461405
62,506.776614868873
63,221.84896805624487
64,37.71497990798207
65,176.75988725097216
66,28.560618509188544
67,1724.2171916844677
68,1065.9338769018104
69,221.69082741402156
70,1288.4961010473767
71,698.715697540828
72,103.50310834644642
73,1890.6066372566397
74,590.8989133182179
75,1728.4877116814764
76,719.1910076891356
77,1428.1296546354488
78,302.39711771163905
79,411.346985315299
80,179.64161855354018
81,0.0
82,184.2007319661351
83,656.5788427268448
84,822.0372307127013
85,323.04783211291704
86,39.45462404674015
87,2716.3247888505757
88,0.0
89,1233.9738950571734
90,678.0247577945648
91,29.169416922394362
92,730.0413249986563
93,981.3689766175495
94,833.805267828414
95,2214.3862952121203
96,219.8469269704159
97,899.8321329153107
98,572.6209951434662
99,200.96050399907176
100,313.46607250847364
101,1036.2123956920445
102,395.5738486110739
103,165.4176420606085
104,334.31392826514065
105,1736.9962180677796
106,624.7862358463799
107,2517.3553489220058
108,0.0
109,845.6244027696666
110,125.24392966607934
111,437.37000923543
112,893.984898363891
113,547.9390931324253
114,1439.4450330243299
115,204.28806494154708
116,1518.7930614487182
117,1138.6520361237795
118,0.0
119,18.783430234021807
120,221.4355507690658
121,255.01407749974163
122,308.1876488302181
123,750.2545342728938
124,1334.6434272506299
125,197.94899828556868
126,1133.6299186703168
127,983.8929395190559
128,0.0
129,219.50607430385583
130,0.0
131,1385.9211684848678
132,95.47809533534473
133,1339.7895469254204
134,877.6387591753956
135,293.75677757879555
136,1541.0078677354845
137,927.5574373246467
138,251.2153457665995
139,248.43017949241033
140,522.085490478521
141,435.19307286573166
142,650.5435449700935
143,1255.2181211545064
144,189.04042193392183
145,1448.6250443324784
146,163.96385161280466
147,0.0
148,63.23383603335185
149,261.9716152535786
150,200.72654344912064
151,844.2143014649425
152,176.8202710238827
153,1314.82463533499
154,179.2467172160566
155,1260.0213576366873
156,355.82726993831625
157,20.20788805124755
158,22.99637462752014
159,370.579181130881
160,13.137850226275418
161,17.420274186875872
162,125.64088908980511
163,955.5221257528298
164,592.5702416423135
165,1948.4883048551578
166,525.2333932322414
167,844.8885947900565
168,101.31642509512199
169,1211.468176521566
170,640.2494931040435
171,82.80694532325049
172,671.6650096362528
173,297.18917707451595
174,482.624118657963
175,47.314265555659745
176,484.9223265501365
177,261.7955037904288
178,47.2844291032759
179,3123.9411735643407
180,785.4366647155779
181,1291.944210381325
182,160.90562496151745
183,1942.753443966543
184,344.67591613504584
185,326.0776354211365
186,1994.9684311800033
187,776.5527135218649
188,246.83347578754223
189,990.3759803576644
190,170.15384316845723
191,54.77794525844536
192,1144.2496389006085
193,370.17152141112473
194,697.4536457356126
195,194.99123932520604
196,123.54727086078196
197,-22.025130852563734
198,166.4216911605081
199,100.4023252149625
200,1443.8589217067822
201,647.3920901599755
202,152.3168273092091
203,86.17976394865968
204,890.9350947405658
205,1432.4312492285394
206,1031.8510446842538
207,117.45052819974046
208,1316.4447998907394
209,146.30999761564692
210,1606.247315636881
211,257.3818090258366
212,79.22227453655626
213,902.0759573258973
214,426.42613292697547
215,300.87483500145953
216,915.1373754660965
217,1166.0517200907448
218,1308.2524859568355
219,952.0875621341185
220,1136.9919992060818
221,387.8332223689894
222,1047.0931116703314
223,602.6032083509723
224,180.2666833131858
225,1240.0986957953878
226,664.6094088563868
227,49.5412802663152
228,767.5831929730134
229,1655.9497508782551
230,126.73290469468668
231,555.2483397729332
232,467.48787176376055
233,162.52666690568753
234,921.0608738117237
235,118.4068136964164
236,443.6606279258559
237,752.4234771719125
238,1222.1230597702129
239,988.5780181352923
240,513.3104832363695
241,1230.8459603245565
242,271.6326660405244
243,1681.0080149198704
244,442.0526487289161
245,0.0
246,683.8655180362304
247,669.3635061276256
248,877.0677238029086
249,2301.486284508299
250,1300.028762196459
251,115.18638634031822
252,550.3342991823565
253,1071.841623733514
254,0.0
255,860.4753853362423
256,1028.281755931487
257,693.4506862465931
258,153.95760534645171
259,95.89416707759506
260,1656.9239659852808
261,284.83441415087754
262,728.8209811857668
263,55.550830235081435
264,1085.212245932944
265,1022.5358803377858
266,363.6938503986057
267,783.1709234477548
268,1722.8835225752748
269,152.11076673372088
270,1252.600306977001
271,568.791424524178
272,1621.6151977194313
273,521.5123163081224
274,1800.077030566812
275,667.0284218922807
276,1484.2321710356678
277,881.0392091122238
278,695.9990171266176
279,3018.7884214024366
280,775.3673443518799
281,1622.6509992075469
282,0.0
283,496.8140013552551
284,1158.4761805388925
285,88.79280406252337
286,151.45339957683643
287,1402.6835767891855
288,612.3688626604226
289,370.072357732667
290,1130.8972731828744
291,22.48577699383941
292,1994.5679805356233
293,0.0
294,766.0086560088951
295,198.4696506690167
296,673.7250113462583
297,56.31885561081219
298,496.7059761656824
299,251.51167586170595
300,372.6756538661454
301,550.7181091003454
302,619.363363080801
303,551.7306650241094
304,0.0
305,122.28060295453463
306,507.3235734741064
307,910.273471216667
308,365.06302238914634
309,1347.0807486741987
310,997.1198250196591
311,1347.642268745312
312,229.4790840514957
313,1101.936156443105
314,1282.900425364439
315,372.3480642403736
316,656.3247808977658
317,383.2735933663245
318,37.31759567019253
319,348.594836299824
320,709.2214200385542
321,783.4423770146799
322,1970.6654447866274
323,319.7318186704511
324,894.3291337116455
325,2768.2836402732714
326,-8.480318361815648
327,204.221045398986
328,260.3697880051568
329,587.9989862937728
330,716.4001327766495
331,1650.9998267021124
332,445.8162154037759
333,936.5982156193367
334,504.87293640345905
335,1003.7880356245978
336,641.9660488283174
337,196.91501179844158
338,457.21354458716615
339,656.9689815319767
340,457.10041845348843
341,911.3717009299064
342,906.7571574832845
343,565.2205416876265
344,680.7412723253909
345,368.0682174065784
346,50.53358996740951
347,1174.2799922133408
348,938.3030042102339
349,357.8346171525705
350,1682.8188505546427
351,1412.4796217905655
352,734.7565154075494
353,276.45298870252543
354,884.9592364427957
355,0.0
356,819.1515450728782
357,2489.967839291471
358,181.30344724051668
359,1559.465942432981
360,319.53495658202223
361,1382.252420380277
362,51.74170284517993
363,52.21737679259786
364,672.8292585452102
365,60.38475513009996
366,254.36480052700153
367,184.51749743423875
368,282.50684521473295
369,1255.5570838702251
370,1914.2007879551325
371,628.5130546152955
372,808.9799979630054
373,352.79538844502673
374,1033.1155248078871
375,1029.1675874447005
376,854.8392965445531
377,1172.318576759596
378,412.33482825040784
379,0.0
380,71.17045341804601
381,783.2596957869584
382,1701.0660159367249
383,1428.2047841625174
384,613.9380873959885
385,195.29871657777187
386,134.7206298153652
387,1710.0777662899716
388,1898.6794161965138
389,0.0
390,197.53103459351053
391,576.2586367330896
392,1189.8881698642044
393,1070.5080244103856
394,889.5316987301859
395,456.3057142627834
396,470.7418916647028
397,167.6314578905185
398,397.0889768502375
399,961.2063716278989
400,833.9428277464373
401,200.34510812542476
402,2061.2217875805964
403,1173.2373422244914
404,873.3658150114435
405,1560.7579066115707
406,350.9274314544211
407,871.4506618604333
408,101.5418193278033
409,381.96412883503234
410,1125.0670843160992
411,1373.8554495236838
412,58.49329538645691
413,16.413904907573738
414,1654.4669732204507
415,274.2360639656249
416,1655.717654782965
417,250.02260306421738
418,56.979080292695585
419,188.8854869663138
420,1137.3938124029398
421,529.1244903066939
422,233.23833262951212
423,274.18844031426346
424,1614.518262905662
425,131.7756190510804
426,1174.993728990356
427,1021.7012035805087
428,1009.835483210061
429,1632.3278874339157
430,89.18071034952663
431,0.0
432,297.4539674360911
433,571.4710884331708
434,743.4251490239261
435,120.00817883108448
436,274.62044290932954
437,571.2208908795941
438,1154.4315600451455
439,386.96811235258156
440,2557.5123572622315
441,0.0
442,1072.9833025099101
443,228.39964722119174
444,1098.141198246514
445,240.38631823884396
446,2149.3164655173023
447,1307.4193224111
448,1876.7178035443899
449,598.6531450324702
450,299.954263999681
451,744.251706180986
452,1123.8973286162195
453,189.69893789923321
454,52.66840014738136
455,772.2362990230265
456,98.24429256953044
457,1000.3313578164643
458,267.8533800072166
459,353.6868617036864
460,131.35363756330025
461,314.7811722911907
462,253.00699907897138
463,171.07552319126933
464,260.92635772472397
465,45.5077489980456
466,207.3250987515063
467,646.4728377945904
468,368.60015744105976
469,216.4771269324052
470,610.5519567540857
471,269.43416802930693
472,284.5880599908154
473,450.1277175271367
474,1296.093588703885
475,154.88116911898146
476,237.52083175062234
477,2265.4928868008947
478,0.0
479,557.3429817970147
480,585.6695593917257
481,1303.2672926941896
482,250.88473065207495
483,1792.0404193282861
484,87.81127139333842
485,298.2105709509967
486,385.39455783423836
487,571.0163155702182
488,273.06420092168975
489,1780.7500913108195
490,87.18346226448045
491,172.97003448002545
492,1646.8722732299611
493,1333.328607120569
494,175.34358436672073
495,185.04434203278197
496,245.17749930435645
497,923.1614515651817
498,0.0
499,29.22699668594737
500,969.0335226960489
501,736.5785904652444
502,511.3005306896092
503,1080.4747809378239
504,924.7750637853095
505,365.400462319432
506,25.233896669080423
507,1036.6682996564246
508,0.0
509,1650.3002909305087
510,2619.318497358509
511,1083.41818437529
512,702.2337846841365
513,116.94478854655483
514,1105.7410150279368
515,404.6703215833692
516,273.9876051249492
517,71.24521678712176
518,57.4046356346654
519,95.35911647209389
520,258.6894808117109
521,498.0677288955643
522,1050.512753052151
523,1098.1489030827634
524,1877.9125830241135
525,31.248710436002852
526,247.84627972375716
527,180.05206468042252
528,355.3294804091956
529,596.9639086800685
530,176.73029674804957
531,130.48366598056987
532,336.40940285899103
533,1266.3710008597882
534,177.28570333541973
535,196.90076710554592
536,157.43986840326932
537,266.8019793718251
538,1682.5148077849474
539,998.9899296133749
540,859.0785749305534
541,2185.775280729832
542,27.97833439976648
543,74.51917948618996
544,146.9885890253413
545,976.8388470818394
546,59.663922106571476
547,540.3469090582134
548,443.79722081552933
549,524.2175784686763
550,683.8670595025602
551,435.5504181551703
552,1717.2583857391182
553,1190.4593285504834
554,987.3419144156758
555,362.1592874888809
556,314.7530570904738
557,967.741963494957
558,138.68505239623607
559,942.8165179097059
560,1525.4306561353878
561,616.5137578789821
562,41.608254633066394
563,1863.9770759591306
564,154.94418848542466
565,916.1406459569263
566,1358.7166662090667
567,339.9870772496951
568,276.7670054288243
569,213.85260959492496
570,1172.7432539092767
571,955.8883978211952
572,40.81513022249078
573,319.806831407332
574,2106.699227870304
575,366.8173267381389
576,1507.619838228194
577,1444.8377344105338
578,278.26798488805645
579,0.0
580,130.10342008827433
581,277.6146928667333
582,782.6863988783009
583,1736.5103148569397
584,2026.898876240269
585,254.08179871865087
586,0.0
587,2196.566511729213
588,2400.361380542644
589,304.58537476630545
590,279.1779005739948
591,1024.9173613292778
592,1854.4938575435033
593,1114.363055496337
594,371.1269109156899
595,1042.1387912903785
596,1815.745814061914
597,133.487829497417
598,238.2153451208897
599,1091.3283868886642
600,1630.422667012818
601,1946.3193101500915
602,81.34872903319899
603,1016.4219451826273
604,881.2071190783374
605,153.97874360172693
606,180.382624679532
607,950.7427633315343
608,1454.2374902033189
609,148.90046475812733
610,82.88987930367307
611,204.0706831663109
612,496.3862561124882
613,724.0824892531547
614,976.1115298026966
615,1050.4620417737224
616,331.9638175499861
617,144.09659120143613
618,1256.017443321371
619,236.50360577640066
620,1668.992748151162
621,82.41665762350374
622,905.4082822626102
623,72.04256177279387
624,401.81415518883983
625,230.9289706282999
626,200.9202818434917
627,396.7910719855828
628,284.12646089512594
629,369.2450555143728
630,679.3331850371766
631,886.8675611530309
632,1681.9400100553298
633,552.2125139199563
634,1198.0576409867638
635,312.35768559443824
636,199.7495466274804
637,225.27558743257595
638,1344.4308394056493
639,150.340721638682
640,2280.4204109112657
641,1370.5411326397675
642,1149.3328428861896
643,790.1618927056146
644,371.8806690241953
645,377.19609778011716
646,142.0092722867347
647,259.2882702012889
648,51.510446027799276
649,62.24970026242124
650,101.10075791599581
651,1555.744585436167
652,299.27428047594674
653,285.5544283025821
654,45.271157167087495
655,62.99530128169215
656,202.16573122796945
657,191.23860154032195
658,168.51275814564747
659,329.6997105082881
660,177.35091798202996
661,969.5621221403047
662,1168.3688292622285
663,927.65077337082
664,0.0
665,1358.981780632429
666,327.8768357197627
667,876.5519620618377
668,201.37447827093104
669,1477.4078267970976
670,2555.372197424143
671,259.4867789595002
672,248.8443063776076
673,21.893223892208198
674,116.20466766889137
675,2149.112174360577
676,28.868564764378903
677,477.2953517409185
678,72.68990711634433
679,1173.450706961508
680,1145.6910864919776
681,200.45503755397567
682,247.92784061611167
683,843.6694438083057
684,258.24601727347664
685,1729.2274365973058
686,725.0107226341257
687,240.31052717534573
688,210.2147614433809
689,467.393185083603
690,170.47055807832282
691,258.84226493599516
692,281.8941345607974
693,1046.9781665566557
694,792.6754130100339
695,384.4391111071664
696,365.1379613676763
697,574.0426169003166
698,858.226531750294
699,356.4470213460868
700,40.58915064948542
701,275.8927643734807
702,140.82125003754163
703,1197.9143594482407
704,640.4080984858169
705,269.3188181172242
706,1114.8473151672913
707,898.4887901464102
708,422.0258504759566
709,285.8568678288842
710,1278.990873814996
711,1078.5614146261305
712,243.60792613517793
713,1072.0024216584134
714,158.0064740186175
715,1040.076759637907
716,0.0
717,982.1854309823618
718,891.242418733419
719,1359.2735624329537
720,50.973392090185484
721,0.0
722,507.34557376241
723,253.9152352597094
724,690.505500659492
725,233.11203142146212
726,0.0
727,1637.3341203701523
728,467.66298980614795
729,637.6097754360424
730,1232.141221199656
731,2552.2048752246824
732,1492.1129947102759
733,173.2628217840063
734,2198.7884392994683
735,302.8355609289011
736,0.0
737,1895.4836310465541
738,522.3718039366073
739,909.2903993468531
740,1786.1090263609076
741,453.7069215656382
742,413.1994105968975
743,222.04151603419155
744,142.85711469456407
745,2232.558070233562
746,553.1319137573261
747,270.0720096343494
748,1305.3865740976535
749,1745.0579231660547
750,290.45126293746944
751,323.09580345405914
752,494.1907957757669
753,627.2813981258714
754,350.83952331756814
755,787.7576658563496
756,183.83658406053667
757,462.78636960344846
758,290.83553975354977
759,2469.361762864686
760,121.35443310451524
761,233.44703254663636
762,362.0778722453434
763,1714.4521888371955
764,77.27742981422148
765,376.90655449746083
766,53.54590275944577
767,492.66427326297924
768,566.0160536381295
769,330.79429507105084
770,279.3048424540048
771,604.4223098703555
772,335.0546406539414
773,2027.7426332669636
774,799.8349091566756
775,838.7847848080924
776,390.1852956316942
777,268.8386653570984
778,435.1809390471512
779,1078.639662880609
780,874.2389149289387
781,621.1718570134883
782,94.56003697898825
783,0.0
784,1480.7403849854245
785,0.0
786,248.77133651448815
787,392.34486914611665
788,511.71669744155696
789,1869.310074839552
790,1458.380337145879
791,702.4270680956627
792,550.7636677670057
793,1036.6652296867392
794,209.15020950920348
795,1167.6164257442454
796,172.40961834745917
797,291.9494464357917
798,489.71313716605493
799,2013.8859439566322
800,104.40373163232869
801,261.4720538195633
802,306.642441572396
803,1534.1889021662416
804,474.0880197547432
805,979.9651751588807
806,2307.3233717562666
807,86.78658280553611
808,48.18229958292909
809,490.38290182036377
810,211.5677099568976
811,613.9877579938185
812,220.68915733601239
813,274.5328340932688
814,513.8753439095676
815,636.8775817812594
816,996.6006821565699
817,237.0190345021549
818,1543.6222562202197
819,160.91062837244044
820,769.1953539211979
821,192.70719994109368
822,195.77851137640278
823,229.58637313278211
824,332.2679004761868
825,247.18216831427122
826,1026.8615384219506
827,315.591392199692
828,1905.687464338193
829,322.8127762416619
830,340.59110140907103
831,339.05717841035965
832,779.2699196856685
833,961.8139267682249
834,1515.1734474059613
835,625.2237464834795
836,635.5800970593851
837,28.902905542447
838,90.51719449590587
839,1138.2038313336
840,27.050753868535367
841,291.46126374918185
842,698.5530969704272
843,261.0225487630779
844,635.5437593905524
845,156.14751977728713
846,1077.851339012342
847,244.94789805075942
848,0.0
849,323.9192230363932
850,20.84539924661442
851,414.6610662159206
852,1001.5205007683519
853,1662.0672592183892
854,2055.7739100620183
855,353.887676367584
856,1430.0329676980382
857,1033.4198196230932
858,792.4728410632437
859,664.8907900624075
860,588.8183488822679
861,677.7798568238056
862,787.3115029797328
863,985.5018607909695
864,416.6434469669363
865,290.16938967035156
866,865.5455966284735
867,339.0937408403406
868,1144.5320778549976
869,144.374273168826
870,539.4577630944682
871,483.10720846003767
872,212.6663102880417
873,257.1381047234902
874,1410.882037305256
875,1841.1876406756865
876,1099.4841244378676
877,229.91421781554692
878,476.02850900362404
879,799.1870091527269
880,888.053696699752
881,1593.3637017771914
882,0.0
883,91.23524708581499
884,475.3635830960548
885,19.7542625867718
886,1742.8796761020158
887,0.0
888,0.0
889,1397.963221466331
890,1049.9281945302323
891,282.8184993168552
892,1207.375211514698
893,241.7179009331427
894,488.08658329889334
895,676.98780934968
896,1080.6513163331658
897,119.50848002855014
898,1972.0334869747367
899,1491.580040682155
900,677.1765573020111
901,174.0321643183073
902,706.8442639061835
903,189.42347096319043
904,1602.082547225246
905,117.06974141677017
906,597.4590424647427
907,360.43726049743475
908,536.8942107500924
909,769.8331962539286
910,238.561312698564
911,300.33529924027727
912,928.3293384507931
913,814.1167808272412
914,783.9344273259616
915,1213.1792644168227
916,1439.2100359757128
917,11.454955842220897
918,0.0
919,1784.8669840063956
920,148.16248790437135
921,318.26421196793603
922,0.0
923,1277.5015627515756
924,266.12335025682387
925,0.0
926,1397.977634266737
927,2203.563859658191
928,1767.8792604430805
929,300.4233307854855
930,162.58088567688787
931,267.3204957963148
932,1018.7299313719543
933,813.3641262864619
934,1456.2189541044972
935,107.15786790420009
936,310.0277488768942
937,148.93665893278433
938,1369.076180537053
939,872.4816995467093
940,75.37213472220549
941,1611.012805465169
942,656.9821761087339
943,739.4527312124354
944,0.0
945,710.9018606891826
946,1351.5821489591217
947,312.9224183934241
948,233.37930870356047
949,791.8116561954919
950,390.746555977454
951,1056.1057949074516
952,796.9419374101817
953,356.68761855376755
954,1312.04344686365
955,2053.902611649237
956,978.6921276148133
957,663.7438622612568
958,270.5766023020858
959,143.40243948857926
960,596.0450552837833
961,791.6283492309936
962,164.1744487336972
963,367.066703771832
964,1362.4709881964675
965,681.4737478390724
966,211.9250250570343
967,297.35169751311867
968,498.2707952478197
969,1152.254795764431
970,2161.473923475429
971,0.0
972,889.9578315898751
973,123.06053645697
974,631.1401970599095
975,1460.4615897141334
976,44.47725073213769
977,331.8444060040264
978,964.9788665959438
979,530.5472253672202
980,0.0
981,2071.9888496849057
982,871.5759539033555
983,1315.743052228443
984,235.31381391088496
985,101.0280557795478
986,1453.499737644936
987,580.0919365074182
988,863.6948539279388
989,615.6040316930792
990,826.2834470376396
991,1060.1907293564514
992,2358.9751447037615
993,664.4127561604205
994,888.8088418512206
995,851.6271391714376
996,460.1067533274828
997,146.99531000305797
998,1069.6075104514603
999,153.85736346925262
1000,1551.933697156091
1001,1714.273183034902
1002,934.5161261416649
1003,306.84645053751177
1004,1340.2844928504305
1005,311.1807823698535
1006,492.1401538900268
1007,2384.9265170378085
1008,390.04938976887166
1009,1105.3530501283913
1010,68.59299891031435
1011,777.4517345486684
1012,298.21389057500227
1013,89.00425395679906
1014,1270.0794792974843
1015,413.34928674636075
1016,2238.133897055671
1017,349.18206716755657
1018,318.85586715912746
1019,0.0
1020,937.9940221600098
1021,309.0987246468779
1022,168.56977595583953
1023,1238.6318773816597
1024,313.56010270827824
1025,2054.9001506911345
1026,974.9491392595396
1027,594.2089862848147
1028,947.9497620662627
1029,1168.0808043356792
1030,369.86753877419244
1031,997.3377450146565
1032,613.2939833650464
1033,6.59927122696763
1034,0.0
1035,323.84957509181095
1036,271.1362819866436
1037,0.0
1038,565.7428154438626
1039,1384.4562353369506
1040,81.21959032375628
1041,0.13258331683221058
1042,2400.564746885227
1043,334.59720323870647
1044,290.84049223088886
1045,0.0
1046,254.92187544307768
1047,296.6632928385129
1048,2172.9736085438917
1049,865.0855158563979
1050,98.95395970823074
1051,0.0
1052,327.22561511871095
1053,1428.2524312487753
1054,1333.5271100828504
1055,34.92774535424451
1056,103.64402500260383
1057,1375.3954814257322
1058,329.1235871807432
1059,374.2401123848413
1060,1550.1140872968135
1061,1299.3234003005318
1062,767.4887229019761
1063,761.6401232647759
1064,0.0
1065,665.3925628367177
1066,308.42288387478624
1067,0.0
1068,107.58274113193056
1069,158.86069793902186
1070,556.9111197693867
1071,360.7104509423522
1072,206.75556710670162
1073,597.4918349055428
1074,989.2745405545737
1075,280.1763769988328
1076,1643.3470329936054
1077,100.92637720581388
1078,1450.2423276802856
1079,131.5592812561199
1080,141.57419329803815
1081,269.85540040365936
1082,781.5060892496404
1083,235.8665573977541
1084,550.2012463162723
1085,120.79437059737188
1086,440.29512496613347
1087,38.31650811759664
1088,1592.9468074612132
1089,123.62306856484679
1090,219.66881343445073
1091,859.5977194207065
1092,620.7691754320599
1093,613.3223874354908
1094,119.47262211194436
1095,1217.7648995325667
1096,601.1896685731606
1097,732.2835460798848
1098,219.47702863910934
1099,646.4338116052071
1100,308.86042064349493
1101,49.95432613024752
1102,1324.9176804401575
1103,688.1830274098083
1104,323.66978279925576
1105,390.45992888912275
1106,1813.2938760715099
1107,2262.4585479326615
1108,795.8393165851044
1109,1692.937068920693
1110,2131.469854838034
1111,1548.7958370490117
1112,334.55087219359325
1113,1864.4612900042198
1114,583.1727093323987
1115,45.58465697777308
1116,350.0081440921602
1117,103.65298704188308
1118,684.7973187656214
1119,204.4108300508583
1120,1253.2363774536648
1121,333.2761253414398
1122,229.82063700378075
1123,309.92007440492887
1124,1318.6953864531756
1125,1386.5265624484173
1126,423.69086042695926
1127,0.0
1128,325.7925760109985
1129,83.41552086804745
1130,32.53464189255055
1131,479.4059814259603
1132,626.5910451946423
1133,201.49745862991597
1134,182.44263862131186
1135,685.1436673000167
1136,537.5996752728013
1137,328.82173339504396
1138,679.2996680194212
1139,1430.9349980885654
1140,1070.10990503046
1141,1409.121843138848
1142,32.73395967037766
1143,635.623716137756
1144,192.30201286332704
1145,276.009643468924
1146,1516.1011039119037
1147,323.6690982085408
1148,518.954799573389
1149,563.4543537123344
1150,2101.7554554015746
1151,839.8105593084426
1152,497.31707705225887
1153,41.44192467616051
1154,294.1512965648054
1155,2188.784480100242
1156,2177.6480813356256
1157,184.91168582589376
1158,674.5213491728184
1159,933.0866518512707
1160,947.4301166189578
1161,1311.781862972825
1162,256.1895586786193
1163,556.7954956364106
1164,455.7786934963182
1165,1377.3249109507071
1166,1251.5742411466
1167,1517.5766323447533
1168,141.36806487626188
1169,2547.2002362925714
1170,161.6338683203354
1171,464.4868437231371
1172,223.96185997323096
1173,459.0129415486819
1174,388.59436741645294
1175,398.56717934479013
1176,923.4481042431753
1177,253.1577352504267
1178,183.15635111247946
1179,545.9093927446426
1180,338.1774700017542
1181,881.203312034312
1182,0.0
1183,834.3003862161358
1184,2230.4464627206694
1185,0.0
1186,382.82123217851785
1187,433.23912606343083
1188,1287.2183667587851
1189,1220.9767748940453
1190,419.05048656565106
1191,1149.0982761257274
1192,354.7650042734287
1193,72.56144540661262
1194,0.0
1195,494.46094783647806
1196,2595.0329802547913
1197,8.986292628429965
1198,504.8849495864883
1199,618.0099990902359
1200,584.3275288766197
1201,454.86823639223746
1202,1465.1196320180773
1203,907.7173212865453
1204,491.7017790277573
1205,2143.6391188332086
1206,128.9807329463797
1207,260.8274300718263
1208,0.0
1209,323.2223615842012
1210,241.56418199262998
1211,1068.2073223409463
1212,1266.2477672522186
1213,967.9550376441057
1214,1299.5961546741053
1215,5.240958755401493
1216,316.4202759154931
1217,245.49481533656586
1218,1843.1209779879996
1219,1599.6224604224421
1220,2013.2716533303403
1221,1918.4859704033436
1222,310.0274769774352
1223,653.8480498252796
1224,36.12891114007016
1225,2264.7201966724215
1226,721.203435825023
1227,0.0
1228,38.28828436019148
1229,1259.3700252166877
1230,287.6532953733746
1231,46.66084055081217
1232,1632.2861699909176
1233,254.36359835404403
1234,1031.561158441905
1235,2209.425350013862
1236,374.0798835232919
1237,47.07383597899275
1238,95.2193431082203
1239,202.25737954971135
1240,322.5788641545553
1241,312.4304860710401
1242,94.3283042610027
1243,230.41991158254035
1244,396.1184408979946
1245,288.75420264086597
1246,124.40676203990733
1247,1694.2681673794164
1248,521.4465755650824
1249,305.32261223224674
1250,1679.7265185484694
1251,1249.295234998167
1252,659.3086304343868
1253,211.47376271713188
1254,937.4989468213778
1255,648.6388177397022
1256,679.714361834202
1257,213.1003961126047
1258,782.6994793389852
1259,1193.470701258799
1260,1845.1892436599837
1261,792.1013800997794
1262,2026.9076331351769
1263,438.9253560131419
1264,76.48379369060467
1265,1248.4582312719403
1266,24.550159864578518
1267,1634.0189600789327
1268,868.0650137529914
1269,89.08654175640163
1270,472.55882535624994
1271,364.0570309737506
1272,639.678411724519
1273,874.4575503882204
1274,1186.6602026130042
1275,1099.2355831875989
1276,222.54856066921718
1277,391.9723110104549
1278,1263.3447913517186
1279,639.5979857335107
1280,855.1919416452617
1281,431.2098874693585
1282,364.53106039493366
1283,1342.0931411499614
1284,1849.9009131662574
1285,505.5800974638068
1286,963.6820103094697
1287,430.90478335535227
1288,158.1858483767396
1289,506.27571377331867
1290,1752.4706132344036
1291,425.44856786188024
1292,892.5372100178998
1293,124.31725311109358
1294,983.5762845404904
1295,485.84662217919447
1296,1090.1029751046817
1297,471.82740577143903
1298,256.3734708908763
1299,931.5920394536251
1300,392.14578414039994
1301,445.75464709336404
1302,624.2288510629049
1303,250.918052461728
1304,168.56176080153375
1305,293.66802824987496
1306,999.0396901624583
1307,2790.895511981867
1308,708.2930030236021
1309,636.4506178939305
1310,752.2036396125981
1311,524.5176743468306
1312,295.1100227759923
1313,145.19514399889397
1314,872.1821055844539
1315,665.5362726025437
1316,155.5456846824203
1317,432.4872162753084
1318,903.2029614919177
1319,88.52579874651565
1320,2117.640596838505
1321,186.8030646585803
1322,149.75911681267746
1323,90.56693064460478
1324,1451.668605629986
1325,2112.3003006258123
1326,66.39470889208042
1327,468.7801717338184
1328,153.1752775618254
1329,1452.0818311176297
1330,723.806493655561
1331,258.6341170127658
1332,772.7314023458098
1333,202.03372676420872
1334,1012.9565558123518
1335,1589.1345593017159
1336,278.0650686985971
1337,7.572091210314056
1338,144.1464683161763
1339,828.4917616478181
1340,844.2006781990962
1341,420.7436117811572
1342,801.9369966229301
1343,102.51012785430976
1344,670.7696132535901
1345,379.60479243743276
1346,112.82092458244188
1347,2228.694166554922
1348,2204.244553425685
1349,390.4804771808203
1350,399.5178022794098
1351,0.0
1352,486.78282951395386
1353,1335.7593869451985
1354,127.49433633632259
1355,562.9506232498618
1356,102.17765761040187
1357,73.93268149962819
1358,813.4779191957305
1359,141.24726218083129
1360,1315.6951077450108
1361,608.7436357186248
1362,858.584212838179
1363,207.4649572870943
1364,281.57859210758915
1365,311.14932963851277
1366,1087.7722495783973
1367,2457.123980623018
1368,1626.751015193755
1369,788.7033406743058
1370,111.91391668970232
1371,249.13592385777332
1372,15.659560460265652
1373,274.8434586645535
1374,632.9444900702185
1375,949.8582610104274
1376,435.44133899051064
1377,0.0
1378,1051.9031607716754
1379,91.3759298102342
1380,364.76775243972634
1381,1772.6412360066888
1382,0.0
1383,480.9147955590464
1384,979.4654871860643
1385,1093.5293953168766
1386,846.577777568644
1387,236.64482541632378
1388,76.0884309776635
1389,522.4691845601322
1390,1564.5423716553014
1391,410.4371497205323
1392,360.9443137996321
1393,213.6031436924784
1394,659.1623064494638
1395,1095.113254478672
1396,284.7309913957448
1397,1495.5920444418562
1398,821.6102136925525
1399,346.01456705752054
1400,1153.7226015068754
1401,1965.5774644557662
1402,661.9649192287328
1403,1122.1394475043207
1404,345.0227523032567
1405,0.0
1406,465.65054813371125
1407,76.87986561456432
1408,260.94350689416126
1409,89.36009393499592
1410,1159.255109171158
1411,589.0025018014619
1412,289.1262592851385
1413,1414.209618829417
1414,526.9553223933758
1415,1435.313774976536
1416,1036.0874054911594
1417,184.85443705835974
1418,156.07679330848384
1419,64.07773722183754
1420,883.0322066806336
1421,477.2066086071448
1422,160.0266637671839
1423,2807.841402024159
1424,639.058495208537
1425,1321.3293750914797
1426,925.6410868231534
1427,204.38270901498322
1428,245.08385160515252
1429,157.02455412720815
1430,298.4258870289367
1431,283.80307358142704
1432,117.77052876264474
1433,889.0770811876314
1434,241.96897612322476
1435,1202.3678390918801
1436,357.85566113888245
1437,1815.7974148572553
1438,241.24424568768882
1439,1150.7741736696332
1440,2507.876713246731
1441,143.17497875539834
1442,1722.7496268501484
1443,335.06550287351774
1444,759.3456746711274
1445,128.30747515584574
1446,1696.7900321740374
1447,330.46686625984677
1448,1124.0175398521426
1449,415.2205160265888
1450,895.4044685770023
1451,979.1487212089378
1452,995.5356571968551
1453,62.25605769000413
1454,2139.592479715422
1455,256.91920488626266
1456,184.4173185250978
1457,2184.052288813855
1458,422.77380020296715
1459,648.4831159774208
1460,218.48213041851056
1461,914.904350920161
1462,2192.853149882243
1463,639.2878988660268
1464,180.345537843883
1465,204.4637934706767
1466,293.19266178799734
1467,2148.9642427956583
1468,639.546906419003
1469,664.7958115286228
1470,570.0205212432177
1471,2473.441689476117
1472,163.99523286328497
1473,366.1136234126165
1474,131.79039609884444
1475,662.3492877178053
1476,825.4846195021696
1477,287.4217031451457
1478,888.6896783178461
1479,282.77987626567597
1480,962.6679064598736
1481,1005.7421309761187
1482,48.11375478636137
1483,251.8891102406875
1484,118.89446050460901
1485,1082.9729773837905
1486,354.0571445865671
1487,1087.4166622983444
1488,180.920480788767
1489,146.24264876837572
1490,1032.5235581858628
1491,321.33198656055407
1492,330.4916804776565
1493,1487.8793048296707
1494,210.01092837445003
1495,56.86925386972894
1496,1230.0903192648636
1497,564.0671407439759
1498,495.73741555804077
1499,1317.1333718861829
1500,940.0013806931669
1501,292.0719317100298
1502,1146.1962161142706
1503,578.8936205085373
1504,137.22217737478763
1505,228.43726619499097
1506,739.0621895890163
1507,727.7068373992953
1508,528.2955830901623
1509,0.0
1510,115.86957894796683
1511,231.25203856061228
1512,298.2091985287827
1513,86.63720765211758
1514,2299.7627881968237
1515,197.77178320979476
1516,358.87775216831176
1517,145.96206562708403
1518,167.43940556516077
1519,1475.0930166023122
1520,195.58609889296508
1521,320.1116079122386
1522,112.00862738947126
1523,457.7966881671382
1524,920.5497182624566
1525,518.7331592058539
1526,488.0528114559547
1527,182.962490290142
1528,46.678455827604125
1529,1152.4821016049264
1530,1064.76356936672
1531,184.36640010587155
1532,1567.1183478455978
1533,205.35429351130892
1534,483.1916276504534
1535,623.9983800945463
1536,56.04400762717012
1537,1571.8850209403504
1538,946.9441661370706
1539,186.78555766239697
1540,1174.9873471342894
1541,884.8162238734072
1542,1661.560016400178
1543,95.43328210120012
1544,471.7558562104634
1545,1045.3962389558415
1546,873.78510982566
1547,1667.3527860267786
1548,-48.01809332370101
1549,1891.9374415243983
1550,194.2360857251507
1551,312.09615135619424
1552,350.9798669600162
1553,98.3177345260467
1554,241.20834366105152
1555,730.4774718785361
1556,52.8864821320027
1557,75.46467858517178
1558,5.545995289596931
1559,802.204963638983
1560,97.93995885683194
1561,126.6041554270713
1562,795.9359532894775
1563,157.23937202670936
1564,281.490148255716
1565,126.23314867755505
1566,219.72407446134878
1567,2064.6233696127624
1568,103.1118503524533
1569,1654.2869981592066
1570,639.4025373009111
1571,296.0069799604421
1572,1011.6243351572137
1573,155.38550274970817
1574,962.6650821170077
1575,190.81919604401128
1576,159.79829507011993
1577,107.81650865227391
1578,1120.4946874068253
1579,283.563135332848
1580,773.4323820734044
1581,325.2008793603588
1582,736.6400926629647
1583,148.6500268807622
1584,236.37677817566254
1585,0.0
1586,563.3510305174406
1587,1666.7109449259715
1588,2219.418665855329
1589,1102.9340483068345
1590,473.40455884787923
1591,1111.2571812307547
1592,507.80395873115356
1593,1645.5749246175028
1594,352.4919226726114
1595,514.3153992557725
1596,1736.2148259060264
1597,1077.6642718300477
1598,39.7534270742334
1599,1148.2394884357745
1600,412.1423477727671
1601,133.12315894180608
1602,123.59614062921457
1603,849.3788713299982
1604,239.23692738262724
1605,-35.29736772829142
1606,0.0
1607,289.39890063483574
1608,637.9155175560526
1609,0.0
1610,333.5597414757499
1611,1205.559670557546
1612,361.78748330428624
1613,18.57689312940488
1614,1735.4353594439294
1615,-13.964752402172849
1616,480.7350074630521
1617,760.997287549002
1618,1810.3054277412598
1619,233.35458505169026
1620,789.9198166282856
1621,593.8806292460674
1622,360.1069826955242
1623,1117.8097043930406
1624,828.5125316689409
1625,271.2830482024214
1626,980.7291271812194
1627,449.8309482821489
1628,248.69642601776303
1629,0.0
1630,255.71214666801137
1631,1780.6328885207213
1632,64.28189967576509
1633,550.1096322860307
1634,28.79227565935048
1635,508.50014198520535
1636,184.95750455536665
1637,226.92473670445628
1638,2249.2180629219324
1639,508.6669047931763
1640,1558.2207371139045
1641,871.9961793053034
1642,261.77608664361424
1643,411.0490834010246
1644,611.571452864921
1645,121.03465694173155
1646,2086.699602957103
1647,94.1187750618102
1648,83.14226704174598
1649,211.73905889936577
1650,0.0
1651,1036.7819971228073
1652,2538.6540980220557
1653,139.46754616182466
1654,535.8335036107388
1655,263.7636449597667
1656,396.98201991572734
1657,470.4024528087275
1658,705.8796730791247
1659,1174.7189273970089
1660,762.3990222237419
1661,211.64121417716933
1662,1366.2733349595824
1663,899.8075749096365
1664,460.73300304324744
1665,298.6960115094699
1666,585.3437542086855
1667,209.46370193750602
1668,341.2836219271797
1669,142.47112772144578
1670,83.41750154755402
1671,995.032425422279
1672,517.7557249318335
1673,166.38667636689024
1674,368.2920710652026
1675,673.3899395732293
1676,704.3799563066897
1677,2700.18286793063
1678,997.2601607533663
1679,2062.5261020625176
1680,316.3735491735736
1681,1040.5820721583434
1682,85.46563233074187
1683,2181.1150522639227
1684,1194.9379606213627
1685,1411.0634798138665
1686,1391.6229109012652
1687,384.04169566863
1688,374.0897153156507
1689,869.4679917184242
1690,1026.1287288008762
1691,363.03188050480077
1692,914.3850182376764
1693,1116.0332657411145
1694,0.0
1695,954.5184010615716
1696,614.3792567102686
1697,444.72288517127686
1698,335.4867146033995
1699,312.9255279935645
1700,443.6523900356515
1701,302.0377144801927
1702,735.7601318920142
1703,361.0517582070067
1704,2378.9956726329297
1705,58.042509746475844
1706,-30.43358864383265
1707,0.0
1708,651.0853654006447
1709,1343.661894394545
1710,60.56160421840468
1711,246.01862359432943
1712,1108.1350938441376
1713,354.5682310185455
1714,293.16655383367146
1715,387.25144497105043
1716,373.1355075395832
1717,630.7742710149402
1718,2164.249024451657
1719,1091.0814186707182
1720,331.5841991600357
1721,2586.227153973621
1722,387.6445567525707
1723,267.63899261969124
1724,1078.3079112590763
1725,1784.3035257453362
1726,289.8802918329
1727,1771.9289947701598
1728,215.32042389313358
1729,1784.1744418131593
1730,1114.2572998504188
1731,690.9882772241461
1732,389.6242663273704
1733,265.7920453554941
1734,160.00963899539215
1735,625.5989646404848
1736,576.7132277298454
1737,68.62972455923375
1738,1164.8034087322656
1739,658.5044594323417
1740,27.27894029352865
1741,867.8488194314712
1742,429.2103718648132
1743,179.15401448162095
1744,51.40156926795089
1745,1160.7598725294617
1746,46.022446574588685
1747,203.65267297864864
1748,939.5354478288509
1749,508.72491273277535
1750,468.47003891490533
1751,299.5081089882833
1752,173.9975990268939
1753,1925.2586437222922
1754,606.2095483364058
1755,306.43996618450024
1756,167.526643808882
1757,2325.185954553679
1758,890.0679840211986
1759,466.21653491546914
1760,100.3481362831551
1761,692.851818240002
1762,988.7388044255355
1763,1463.1148867243464
1764,1924.307406021264
1765,664.9102629063237
1766,194.1182441559264
1767,307.4322837410939
1768,473.72768006180894
1769,2429.7556748147845
1770,554.8410304581057
1771,2850.3792805753537
1772,234.0900567130942
1773,361.86703880082507
1774,309.2466976867602
1775,756.169552632857
1776,1308.8203524955861
1777,185.2614754530365
1778,3112.0181992183047
1779,1043.649824830505
1780,710.2862886355421
1781,2234.982537519317
1782,1252.3495605099806
1783,1169.2355019163156
1784,191.9657455248581
1785,204.56881759031444
1786,134.11950486395347
1787,31.40003586872615
1788,1241.466572683394
1789,489.1490892033079
1790,2508.0078907122443
1791,1185.9521087415274
1792,67.47639028893707
1793,648.7595134928537
1794,73.76810982373581
1795,174.85832555013826
1796,169.00453462808923
1797,770.9928888920406
1798,1028.5463492464764
1799,1029.7164848054001
1800,1088.8178992956016
1801,1483.2077194397584
1802,2028.6767489609824
1803,0.0
1804,882.464129965385
1805,1090.9860768336655
1806,186.90209868391014
1807,734.6270232367517
1808,213.60291324894877
1809,834.899279991045
1810,1599.9325088224145
1811,1705.0544172744142
1812,107.5917043502518
1813,1338.532987337882
1814,433.0279816722098
1815,300.6971217825671
1816,158.0196363462902
1817,1104.651380993441
1818,659.9655899336749
1819,94.16054899761843
1820,884.2029216443585
1821,1537.3920883605579
1822,65.71232605551165
1823,35.407571476148405
1824,2287.7966239006655
1825,1039.8229234276328
1826,1274.7340333599755
1827,781.5480052087349
1828,1074.2249042427861
1829,382.5674859505943
1830,747.060758782239
1831,543.2173849544733
1832,0.0
1833,788.618302985698
1834,498.3582673761219
1835,2735.618076210164
1836,360.7360627619873
1837,1212.2018535925988
1838,467.3113507780635
1839,685.9167568225015
1840,323.2263351497963
1841,783.3384959344885
1842,75.8902416669946
1843,1532.85744470677
1844,1416.1227362584991
1845,997.0239337397413
1846,171.91962100184764
1847,339.1859304416978
1848,646.3941572506792
1849,0.0
1850,195.0405624966853
1851,1714.3183259120674
1852,875.8280332561148
1853,1147.0179649301463
1854,808.9619905034302
1855,975.5635473634628
1856,1487.8877171843944
1857,461.2335285091842
1858,6.544826777604726
1859,731.1714889060977
1860,89.15562832647356
1861,770.5334295812528
1862,444.5550696794266
1863,46.032122546762366
1864,2286.1833182826813
1865,1589.8166592535317
1866,635.1640350367044
1867,1178.5276048686774
1868,1083.3923102550602
1869,0.0
1870,30.92423158964334
1871,340.0737479761956
1872,247.968971058055
1873,458.77585509993816
1874,289.5511566936164
1875,1001.8721119563829
1876,25.77919661329861
1877,629.9369913943972
1878,552.6478451620608
1879,1144.5877319947651
1880,158.3073484848618
1881,855.0203633843731
1882,414.1984420002843
1883,260.0566565499047
1884,1120.7198480432676
1885,693.027798683338
1886,1821.64120775657
1887,135.30066737555876
1888,1989.2006718002215
1889,855.7989937873285
1890,743.678537893075
1891,255.28546162685052
1892,1685.4833048694034
1893,137.16747155734868
1894,376.5665510914019
1895,0.0
1896,427.3822692830288
1897,283.0604475987981
1898,761.6260585030462
1899,602.3167689022353
1900,151.59605677133845
1901,516.5379459662379
1902,202.068482816038
1903,294.4899464746738
1904,1203.9988375600497
1905,753.5225124286693
1906,2198.4242137262145
1907,194.7534124986321
1908,346.2260332003237
1909,301.29272361360785
1910,933.5599963087476
1911,2797.8681497175116
1912,247.1173102930136
1913,282.8707436943985
1914,900.2381008310803
1915,1957.524830056775
1916,0.0
1917,1408.762232295804
1918,610.1499407953853
1919,2303.3541868618904
1920,130.14557546528442
1921,213.14566125104932
1922,64.6178012249992
1923,566.8929217963891
1924,1475.1768986086563
1925,61.73618329154226
1926,1658.4479071198216
1927,855.6107820747173
1928,0.0
1929,255.05852948770888
1930,1653.1371375280687
1931,673.051077027149
1932,428.62062479584455
1933,1184.8048090671837
1934,353.3139235499913
1935,297.6245110455184
1936,639.2291764933874
1937,226.86457943591142
1938,574.1071686143778
1939,1563.2467712035739
1940,198.2763656522908
1941,1284.0331516521496
1942,2108.4941071394373
1943,1247.2326398975783
1944,146.21017675000007
1945,836.3499991780507
1946,324.73630402102526
1947,217.00869519490152
1948,57.198721726188296
1949,1231.5112442944915
1950,210.88148332419667
1951,955.7643323790761
1952,1312.3148241480235
1953,1423.0969282889937
1954,219.0439825579458
1955,397.97909910432963
1956,307.91345557793187
1957,75.61212175322214
1958,691.7820127023042
1959,130.37165740875218
1960,542.8793694138949
1961,429.83534922630025
1962,1389.5011699884296
1963,0.0
1964,201.76482426286032
1965,158.20527422363773
1966,2185.539308336887
1967,365.9010418313002
1968,960.4143596964394
1969,302.93796329915193
1970,1549.2231553386164
1971,682.7110915753748
1972,1814.937156946124
1973,1139.232349833063
1974,1127.7875438904578
1975,241.99232994849956
1976,779.8656687561091
1977,0.0
1978,1240.1899491901243
1979,865.0699758895187
1980,1141.4829018247594
1981,329.47431613494985
1982,1233.5891872305529
1983,1264.0937226845701
1984,1315.9948257651072
1985,613.5339400995833
1986,265.9619281416802
1987,108.22843844242504
1988,132.5585649567132
1989,1395.7931354825466
1990,745.3905392328516
1991,794.2411118012112
1992,1677.7420601582094
1993,163.3749477171475
1994,110.00478451538936
1995,100.64562584603834
1996,712.7343828817499
1997,100.49443410879894
1998,528.2116619410275
1999,103.40299463768088
2000,105.6842182434558
2001,2032.7856872716961
2002,1234.8602084531951
2003,173.56102371223426
2004,355.62524567387646
2005,834.172935021689
2006,933.7808728954119
2007,1137.4292870099712
2008,1092.448585819469
2009,989.8833341897932
2010,496.3038917672244
2011,2100.3716818660814
2012,492.40544684085523
2013,142.59275997763518
2014,608.9613339545481
2015,906.0260559743823
2016,659.8862269378426
2017,264.125198947159
2018,1102.5451437826441
2019,0.0
2020,91.68851359178302
2021,351.0012850602333
2022,935.3946435316147
2023,936.2712282135161
2024,202.62317121548801
2025,1741.6553070288717
2026,350.37346654664015
2027,0.0
2028,811.4052012382034
2029,348.18738397230453
2030,658.9080722471801
2031,255.50944453281443
2032,105.99484026432924
2033,557.221778203037
2034,236.85377460622328
2035,1087.6377262048816
2036,302.25313567136607
2037,187.7338516079801
2038,162.0440282627584
2039,24.286545324200347
2040,199.11268293370665
2041,1009.0491937829695
2042,1699.7121957471832
2043,1324.9705152709676
2044,529.4791243570534
2045,234.76145701292825
2046,1042.8055474370913
2047,376.23653502433524
2048,610.9868266390464
2049,171.9581124884064
2050,888.6167114743228
2051,257.0729538540371
2052,1328.7327408343845
2053,311.8058270185526
2054,946.9684157415327
2055,656.9788394420306
2056,311.92703234167806
2057,159.72737577872851
2058,168.5644954398241
2059,19.54580493216031
2060,769.4697072207307
2061,1696.2206186071148
2062,927.8450666053953
2063,19.673614213682185
2064,541.3653175924857
2065,1047.060412296732
2066,1042.7589943133867
2067,299.20972318073996
2068,87.12450111721967
2069,802.0588910598005
2070,1774.8452886284153
2071,1674.4070988295753
2072,98.84510013348108
2073,449.5486819838735
2074,351.55279152326034
2075,1502.8156120950184
2076,197.58016511490393
2077,333.9221533090232
2078,1119.6516333713546
2079,142.62413271010632
2080,1531.9759394209445
2081,383.0804958504991
2082,665.8522908595271
2083,415.71022041983406
2084,1466.3295517383617
2085,433.736027356451
2086,476.8373888364805
2087,2524.6665079226304
2088,0.0
2089,313.2990764425438
2090,796.1856394192529
2091,1530.961050076537
2092,232.57002019783687
2093,11.455972801442499
2094,213.63432580230676
2095,250.01337570689827
2096,464.8688100534185
2097,717.381720434818
2098,290.6616928722496
2099,137.66216215864267
2100,622.296778045326
2101,421.79423397509913
2102,379.3125493320722
2103,139.07035699557036
2104,262.4335601580881
2105,343.44312796150143
2106,171.34689933276843
2107,1420.6715357899511
2108,523.509779810753
2109,1418.3334910899375
2110,354.4126649110585
2111,772.7497603261127
2112,241.71265756421224
2113,81.46776037683321
2114,1086.097456895077
2115,441.69199815334173
2116,2002.817073139785
2117,1122.4078779228926
2118,1735.6721781640454
2119,993.2729376859146
2120,661.6955672141578
2121,124.47294083489487
2122,961.1933798428526
2123,157.0899589176936
2124,1412.2058966974719
2125,1603.4017009374393
2126,131.0683805964543
2127,276.3281746347463
2128,572.3683652815185
2129,1159.3363359117689
2130,818.9784050422898
2131,836.7659017438255
2132,1495.9148749369224
2133,1393.048326594845
2134,2002.9510571326007
2135,0.0
2136,365.96415175060764
2137,544.1455745976673
2138,1049.9527141798408
2139,832.7599587995473
2140,1434.859358946259
2141,192.04063432320356
2142,163.18176051218722
2143,55.3029904432625
2144,1270.3671643014893
2145,817.0408902358976
2146,1574.5033241958217
2147,207.29684503446288
2148,89.18681478611052
2149,377.55338175915335
2150,0.0
2151,1160.571320564955
2152,1017.7268107372727
2153,0.0
2154,348.49917092179487
2155,0.0
2156,910.0334912806268
2157,965.9510114132854
2158,219.51097752160626
2159,536.2964883760549
2160,497.87106233651946
2161,925.5670868534226
2162,618.6746376470257
2163,306.9532328580218
2164,180.7040745923988
2165,549.2222801021942
2166,2259.1006920932396
2167,531.0125248576599
2168,64.32244701965078
2169,371.3956667367538
2170,648.4394379316998
2171,941.099059013718
2172,0.0
2173,969.5534119775847
2174,451.41834937109246
2175,1042.9575091956722
2176,519.315103449951
2177,528.9170108686689
2178,160.09867693182946
2179,383.3138255424356
2180,469.48811575266006
2181,320.1609163476131
2182,418.6126535448777
2183,99.84868371504729
2184,45.4387749263567
2185,929.1779863368834
2186,358.45135437898665
2187,1857.3817742081865
2188,217.61802033741515
2189,54.3522634491319
2190,1094.3213737404224
2191,880.5150560736035
2192,680.1864590204652
2193,215.07210987865687
2194,1234.9670559786698
2195,719.1217112381365
2196,948.7169873352954
2197,330.70466802960044
2198,1079.6221500796403
2199,393.6671168855628
2200,1234.894381576093
2201,1177.686532094247
2202,367.8399597876859
2203,1035.0506014582766
2204,284.6780452891234
2205,1098.486859792137
2206,1488.3218984842915
2207,88.96276402274191
2208,1320.5031506585692
2209,66.18920618685172
2210,120.69650365946802
2211,45.356416898590396
2212,586.8229605650422
2213,1258.4203715863057
2214,721.6347180347425
2215,1134.619960412818
2216,271.348524584746
2217,1382.622672100828
2218,355.4383236744071
2219,45.817405401990186
2220,227.97516306552762
2221,2380.5851762508028
2222,258.2600169814213
2223,874.610515918953
2224,364.92517718954423
2225,677.1423024797059
2226,529.7038221926641
2227,1152.369441611949
2228,941.1643090290991
2229,819.761093179265
2230,1195.1199801112462
2231,1900.004433826651
2232,960.6471995802962
2233,1095.797607052495
2234,0.0
2235,1279.2775286552296
2236,926.67271411842
2237,1014.1702413557232
2238,956.9585730443332
2239,44.47423399592083
2240,302.23782027796864
2241,280.67544842237595
2242,1322.5655307923596
2243,227.29278548666377
2244,242.6724936329885
2245,87.26442331965723
2246,2182.0273982250674
2247,1725.660853347519
2248,1092.3018956012072
2249,333.28330835834765
2250,845.285571257094
2251,270.9544241012121
2252,176.3619205022219
2253,353.7043911775446
2254,243.22029917004528
2255,678.4159468835293
2256,417.00646997843484
2257,449.8357409871565
2258,874.0579056009911
2259,976.8945662256431
2260,1342.6476546739577
2261,1665.13337847833
2262,503.9629503934681
2263,0.0
2264,330.4798658486072
2265,1395.9103324390014
2266,260.48222716972253
2267,1006.0648024236968
2268,801.1322321575722
2269,926.0955909100878
2270,355.67697992797576
2271,135.7043669969504
2272,708.5188287818064
2273,1957.9299490476774
2274,56.955526034141485
2275,29.345153159536835
2276,785.2425236437235
2277,0.0
2278,972.0323540536086
2279,1692.8526728851512
2280,833.6417227990632
2281,99.50051681958678
2282,623.5016838417849
2283,900.9310021010068
2284,1518.3931357308275
2285,416.01874953476784
2286,354.0950539657566
2287,443.461892610651
2288,984.5130192633875
2289,250.29870388189676
2290,233.73840212028546
2291,243.14497811361815
2292,884.9640480013478
2293,527.690312084866
2294,274.5512534843312
2295,1240.3255888505614
2296,314.6211799598864
2297,259.6983062145636
2298,94.02470028978678
2299,1395.8631551272492
2300,1064.7964510909328
2301,0.0
2302,300.17255519648694
2303,516.6086779563796
2304,264.9796971525458
2305,651.1534497168881
2306,1354.2839809922436
2307,329.48871467974436
2308,84.59169781046216
2309,881.5995889178341
2310,1151.140767103724
2311,470.3383175829664
2312,1168.5492360603985
2313,230.9522210905874
2314,171.55702201131112
2315,1200.4281137042535
2316,351.22544571064697
2317,539.709788334023
2318,267.88082977469816
2319,130.27961393297016
2320,1087.2185362587843
2321,204.20312805745937
2322,91.6382354587331
2323,1096.913762997171
2324,1593.116116559884
2325,560.435101837033
2326,246.20630117091792
2327,274.59575459778324
2328,42.14089847276523
2329,270.6848472265373
2330,22.56101966301435
2331,1212.6389356253103
2332,1646.2664099810186
2333,470.6256512220696
2334,437.3516900443043
2335,1087.3290622629795
2336,1112.7088645075446
2337,1214.194274989028
2338,104.80649005248779
2339,367.9662339970605
2340,321.3998107024679
2341,172.28348762874282
2342,1208.0682409486433
2343,285.31641033623913
2344,138.3601156458426
2345,257.0458791336665
2346,165.9966209945344
2347,852.4304977292846
2348,401.5977974743503
2349,286.93568031117866
2350,353.58836955514727
2351,2617.370082344589
2352,1114.7580668011847
2353,897.6406090018347
2354,285.4165760989402
2355,208.14293067145934
2356,176.03317157803713
2357,706.4237512148421
2358,1449.862456347566
2359,2275.4919803347557
2360,395.05443186544403
2361,351.36033896466205
2362,366.53469426158136
2363,406.2254899643149
2364,-12.061014409246809
2365,1386.3544566712712
2366,133.59419640635588
2367,1006.0141209863762
2368,94.33562591396219
2369,1347.7432658744121
2370,683.9440493855761
2371,0.0
2372,1094.2949154218015
2373,383.52358439742375
2374,69.34930745172949
2375,804.5945529276084
2376,2504.2001343784113
2377,709.9312683872104
2378,1062.262403972706
2379,2483.7023079701103
2380,1786.635533221542
2381,115.89576754559312
2382,410.73315624129054
2383,132.0672899430076
2384,378.94176407996355
2385,1450.84222493257
2386,285.99927494142264
2387,1228.4289452936468
2388,2.4483204372497767
2389,975.5129742800102
2390,1050.3303115261724
2391,244.62634756971386
2392,1893.809776667742
2393,410.5966426078069
2394,1767.300754106828
2395,96.82536768723355
2396,119.65051349147859
2397,1006.7742523929298
2398,54.16027672649034
2399,316.0477682253838
2400,1836.7715699246514
2401,361.15655823314086
2402,711.6557505780987
2403,1920.0263402895982
2404,0.0
2405,106.90490364268828
2406,1328.379732881133
2407,887.9953627667105
2408,590.3004861768738
2409,165.23813455415723
2410,560.6448890578283
2411,74.1763244043774
2412,231.03521605640208
2413,352.6196495931342
2414,553.7589226216743
2415,60.418550340882234
2416,275.66812391468244
2417,230.20140669232097
2418,286.06853612454086
2419,501.8344703885117
2420,350.0790789337854
2421,1757.864877510097
2422,981.9395938968989
2423,224.1281080734783
2424,1767.4945573252492
2425,279.8377514475065
2426,2322.4677055057346
2427,272.80924963581384
2428,185.9609718816273
2429,794.2026581490206
2430,257.5454761551837
2431,1280.8802051587572
2432,451.4967247739062
2433,65.15636043488371
2434,1124.0115088298005
2435,877.2536812906158
2436,683.4574294155482
2437,637.1970877956156
2438,47.85227183536881
2439,2299.1148721111877
2440,0.0
2441,1727.9611809697499
2442,672.3633208548109
2443,303.7074493076969
2444,113.13477928839825
2445,103.83362392917343
2446,32.853246189232095
2447,56.767792797445736
2448,815.9265427967241
2449,105.63694834073488
2450,587.5337799539824
2451,1139.7361148606126
2452,2471.226429023757
2453,811.953849416527
2454,908.8427941589077
2455,1179.8963046621877
2456,1103.358459871778
2457,364.23933678171767
2458,1232.9929912194225
2459,398.7421648516283
2460,333.72096387410465
2461,1067.005981909913
2462,1225.5951763235332
2463,76.16385953733891
2464,1945.3833482917157
2465,139.09192462252395
2466,1739.0346830055332
2467,0.0
2468,79.29960364543297
2469,68.987925319272
2470,91.70154600918829
2471,2735.4022878040414
2472,128.55114342008403
2473,488.1976030186838
2474,459.8259990640465
2475,220.7917773004216
2476,288.7746097348223
2477,1209.6410831602593
2478,1819.3312247064246
2479,586.3456098389673
2480,406.3164706781883
2481,1119.8213787680581
2482,112.24663229688247
2483,979.5517823696205
2484,156.26546867703314
2485,216.37221996125618
2486,2118.759805889912
2487,28.21932220597421
2488,1060.4582479839698
2489,332.54185188575417
2490,879.5489706550761
2491,1004.463958864477
2492,36.47167965127073
2493,358.4809404568234
2494,565.5704933603093
2495,456.85761443929226
2496,638.5511521841757
2497,615.1272079223104
2498,710.3857924514047
2499,532.1481006960096
2500,252.2907847643981
2501,2378.487486953283
2502,557.4713436713639
2503,235.11580396876565
2504,203.1818949144582
2505,1165.559105936809
2506,0.0
2507,171.2475439700437
2508,324.0951060133812
2509,916.8141865066934
2510,1373.3866473534263
2511,205.14163680779382
2512,553.6756632188376
2513,931.5284468138774
2514,0.0
2515,1196.3999864564782
2516,272.6941940976353
2517,921.6225011678607
2518,87.04278549753235
2519,180.51877984137184
2520,1955.1069958873
2521,1243.8238735107564
2522,1991.2252193733864
2523,1576.7072628300407
2524,1086.4712868201511
2525,284.1256741833321
2526,754.4476578851368
2527,78.8104059309245
2528,957.1017579699634
2529,588.0210499488788
2530,95.17731304280596
2531,609.8630306806256
2532,132.54722161071004
2533,310.7334084090244
2534,110.47955960093714
2535,272.18510902987686
2536,186.0745630706523
2537,78.64649942739231
2538,611.1949263886031
2539,917.8741230738897
2540,378.5396527609576
2541,959.4650502384636
2542,336.07934312739445
2543,0.0
2544,0.0
2545,294.234669193538
2546,1397.6052145478031
2547,947.9528863822035
2548,1239.0272262580334
2549,1736.6138118069211
2550,919.8432486281345
2551,57.33008607868794
2552,47.62665434137659
2553,1012.929865080506
2554,229.52793490927672
2555,180.01705733283666
2556,336.05216303637326
2557,0.0
2558,1047.080087130187
2559,800.8708995991354
2560,299.58984716179987
2561,653.46583926083
2562,377.97391222228833
2563,759.560797479717
2564,149.40163315008874
2565,460.2350484864937
2566,496.01470284072286
2567,870.6849717254788
2568,2002.5529077012523
2569,94.41577774057066
2570,1131.7621430336465
2571,241.03068854669334
2572,0.0
2573,642.1774251345514
2574,1343.4496750551257
2575,266.0150884997379
2576,693.9948873633555
2577,680.4315433767714
2578,884.1627865709149
2579,0.0
2580,319.3659529839937
2581,597.4555036216641
2582,557.8785675288045
2583,153.25602833650203
2584,974.0163424200497
2585,393.2042623051782
2586,823.717530347656
2587,244.87996947261297
2588,1015.0383266833978
2589,223.59949233528027
2590,807.5983637985372
2591,2046.830022429032
2592,815.8654650311985
2593,0.0
2594,1587.7599685334183
2595,532.107349605458
2596,233.56370705957386
2597,1211.5390227192174
2598,845.2408943666674
2599,204.41335489465735
2600,704.7798465399987
2601,1521.9766884200947
2602,133.95261761277686
2603,297.9743792699822
2604,200.97845500295807
2605,1075.1479272119182
2606,236.34020846907094
2607,357.54354311811693
2608,694.253420569422
2609,288.8213434021107
2610,1960.5599517728797
2611,506.6528079448889
2612,1032.3487340601691
2613,1597.6691241413628
2614,660.5711867637814
2615,631.6507594440491
2616,173.19352229119238
2617,681.7048783113926
2618,502.11903492513966
2619,1268.2318372023392
2620,789.6080859119496
2621,1436.9057025558177
2622,86.43992178117344
2623,1288.6183499528875
2624,2120.123011354892
2625,-51.81646777837932
2626,1226.617946443651
2627,1037.783189563924
